Name,Python,DBMS,Java,Total,Average,Grade
Anu,85,90,78,253,84.33333333333333,B
Ravi,70,75,80,225,75.0,C
Priya,95,88,92,275,91.66666666666667,A
Kiran,96,92,98,286,95.33333333333333,A
Sneha,88,92,85,265,88.33333333333333,B
